Reporting Period,Project Number,City,County,State,Zip Code,Sector,Latitude ,Longitude
43555,96421,Albany,Oneida,NY,12203,Non-Residential,42.680815,-73.836193
43555,4116-22101,Olean,Clinton,NY,14760,Non-Residential,42.080311,-78.421587
43555,4116-170,Ellicottville,Clinton,NY,14731,Non-Residential,42.295655,-78.651659
43555,02011-029,Peru,Clinton,NY,12972,Non-Residential,44.560576,-73.544857
43555,02011-024,Saranac,Clinton,NY,12981,Non-Residential,44.647026,-73.814461
43555,02011-026,Mooers,Clinton,NY,12958,Non-Residential,44.962204,-73.579997
43555,02011-010,Plattsburgh,Clinton,NY,12901,Non-Residential,44.701677,-73.468706
43555,02011-019,Chazy,Clinton,NY,12921,Non-Residential,44.888213,-73.435336
43555,77898,Mooers Forks,Clinton,NY,12959,Non-Residential,44.960212,-73.691867
43555,77922,Mooers Forks,Clinton,NY,12959,Non-Residential,44.960212,-73.691867
43555,78517,Plattsburgh,Clinton,NY,12901,Non-Residential,44.701677,-73.468706
43555,77920,Mooers Forks,Clinton,NY,12959,Non-Residential,44.960212,-73.691867
43555,79953,Mooers Forks,Clinton,NY,12959,Non-Residential,44.960212,-73.691867
43555,94658,Plattsburgh,Clinton,NY,12901,Non-Residential,44.701677,-73.468706
43555,163136,Lyon Mountain,Clinton,NY,12952,Non-Residential,44.723494,-73.933904
43555,4011-016,Peru,Clinton,NY,12972,Non-Residential,44.560576,-73.544857
43555,4011-014,Plattsburgh,Clinton,NY,12901,Non-Residential,44.701677,-73.468706
43555,4011-24585,Plattsburgh,Clinton,NY,12901,Non-Residential,44.701677,-73.468706
43555,4011-37162,Plattsburgh,Clinton,NY,12901,Non-Residential,44.701677,-73.468706
43555,4687-36126,Chazy,Clinton,NY,12921,Non-Residential,44.888213,-73.435336
43555,4687-27177,Plattsburgh,Clinton,NY,12901,Non-Residential,44.701677,-73.468706
43555,4687-25159,Plattsburgh,Clinton,NY,12901,Non-Residential,44.701677,-73.468706
43555,4687-26916,Chazy,Clinton,NY,12921,Non-Residential,44.888213,-73.435336
43555,4704-98353,Ellenburg,Clinton,NY,12933,Non-Residential,44.893472,-73.836984
43555,4958-44926,Ellenburg Depot,Clinton,NY,12935,Non-Residential,44.861776,-73.787515
43555,5124-49704,Plattsburgh,Clinton,NY,12901,Non-Residential,44.701677,-73.468706
43555,5167-69598,Champlain,Clinton,NY,12919,Non-Residential,44.96935,-73.443786
43555,02005-006,Plattsburgh,Clinton,NY,12901,Non-Residential,44.701677,-73.468706
43555,02086-003,Ray Brook,Essex,NY,12977,Non-Residential,44.299953,-74.084491
43555,72237,Town Of St Armand,Essex,NY,12913,Non-Residential,44.417908,-74.016083
43555,73329,Keene Valley,Essex,NY,12943,Non-Residential,44.178077,-73.779495
43555,73231,Port Henry,Essex,NY,12974,Non-Residential,44.047815,-73.471316
43555,79752,Keene Valley,Essex,NY,12943,Non-Residential,44.178077,-73.779495
43555,120664,Ausable Forks,Essex,NY,12912,Non-Residential,44.465018,-73.741216
43555,162006,Wilmington,Essex,NY,12997,Non-Residential,44.389116,-73.81582
43555,175703,Keene,Essex,NY,12942,Non-Residential,44.259931,-73.785045
43555,174355,North Hudson,Essex,NY,12855,Non-Residential,44.001257,-73.753848
43555,4006-20531,Westport,Essex,NY,12993,Non-Residential,44.204005,-73.474091
43555,4011-19649,Essex,Essex,NY,12936,Non-Residential,44.278462,-73.398691
43555,4116-184,Newcomb,Essex,NY,12852,Non-Residential,43.981527,-74.146011
43555,4244-20079,Essex,Essex,NY,12936,Non-Residential,44.278462,-73.398691
43555,4206-20442,Willsboro,Essex,NY,12996,Non-Residential,44.366265,-73.404959
43555,4244-20808,Essex,Essex,NY,12936,Non-Residential,44.278462,-73.398691
43555,4318-001,North Hudson,Essex,NY,12855,Non-Residential,44.001257,-73.753848
43555,4533-86275,Keene Valley,Essex,NY,12943,Non-Residential,44.178077,-73.779495
43555,4958-37016,Westport,Essex,NY,12993,Non-Residential,44.204005,-73.474091
43555,5226-55351,Minerva,Essex,NY,12851,Non-Residential,43.813574,-74.009981
43555,5226-55352,Olmstedville,Essex,NY,12857,Non-Residential,43.842591,-74.016341
43555,82329,Akwesasne,Franklin,NY,13655,Non-Residential,44.979315,-74.658628
43555,153169,Vermontville,Franklin,NY,12989,Non-Residential,44.531418,-74.0703
43555,173558,Harrietstown,Franklin,NY,12987,Non-Residential,44.328955,-73.777439
43555,171869,Constable,Franklin,NY,12926,Non-Residential,44.950246,-74.324301
43555,4011-43668,Malone,Franklin,NY,12953,Non-Residential,44.785967,-74.270547
43555,4533-76295,Saranac Lake,Franklin,NY,12983,Non-Residential,44.33657,-74.210823
43555,4697-50101,Chateaugay,Franklin,NY,12920,Non-Residential,44.901726,-74.063438
43555,4697-50102,Chateaugay,Franklin,NY,12920,Non-Residential,44.901726,-74.063438
43555,5051-76183,Paul Smiths,Franklin,NY,12970,Non-Residential,44.4643,-74.243257
43555,5079-38890,Malone,Franklin,NY,12953,Non-Residential,44.785967,-74.270547
43555,5079-38862,Malone,Franklin,NY,12953,Non-Residential,44.785967,-74.270547
43555,5079-38863-AG,Malone,Franklin,NY,12953,Non-Residential,44.785967,-74.270547
43555,5286-66259,Malone,Franklin,NY,12953,Non-Residential,44.785967,-74.270547
43555,5286-93245,Malone,Franklin,NY,12953,Non-Residential,44.785967,-74.270547
43555,02005-055,Johnstown,Fulton,NY,12095,Non-Residential,43.023495,-74.394891
43555,49762A-1,Johnstown,Fulton,NY,12095,Non-Residential,43.023495,-74.394891
43555,51017-1,Johnstown,Fulton,NY,12095,Non-Residential,43.023495,-74.394891
43555,49806-1,Oppenheim,Fulton,NY,13452,Non-Residential,43.030313,-74.628407
43555,51010-1,Johnstown,Fulton,NY,12095,Non-Residential,43.023495,-74.394891
43555,51013-1,Johnstown,Fulton,NY,12095,Non-Residential,43.023495,-74.394891
43555,51011-1,Amsterdam,Fulton,NY,12010,Non-Residential,42.937079,-74.182795
43555,51012-1,Johnstown,Fulton,NY,12095,Non-Residential,43.023495,-74.394891
43555,78745,Johnstown,Fulton,NY,12095,Non-Residential,43.023495,-74.394891
43555,78743,Oppenheim,Fulton,NY,13452,Non-Residential,43.030313,-74.628407
43555,78759,Amterdam,Fulton,NY,12010,Non-Residential,42.937079,-74.182795
43555,78748,Johnstown,Fulton,NY,12095,Non-Residential,43.023495,-74.394891
43555,80647,Johnstown,Fulton,NY,12078,Non-Residential,43.082755,-74.343858
43555,100273,Johnstown,Fulton,NY,12095,Non-Residential,43.023495,-74.394891
43555,100669,Johnstown,Fulton,NY,12095,Non-Residential,43.023495,-74.394891
43555,98998,Johnstown,Fulton,NY,12095,Non-Residential,43.023495,-74.394891
43555,114270,Gloversville,Fulton,NY,12078,Non-Residential,43.082755,-74.343858
43555,163631,Johnstown,Fulton,NY,12078,Non-Residential,43.082755,-74.343858
43555,175352,Johnstown,Fulton,NY,12095,Non-Residential,43.023495,-74.394891
43555,4362-35663,Gloversville,Fulton,NY,12078,Non-Residential,43.082755,-74.343858
43555,4362-38075,Mayfield,Fulton,NY,12117,Non-Residential,43.152959,-74.240928
43555,4362-35689,Gloversville,Fulton,NY,12078,Non-Residential,43.082755,-74.343858
43555,4604-80761,Northville,Fulton,NY,12134,Non-Residential,43.24718,-74.165285
43555,4694-36159,Amsterdam,Fulton,NY,12010,Non-Residential,42.937079,-74.182795
43555,4704-91875,Gloversville,Fulton,NY,12078,Non-Residential,43.082755,-74.343858
43555,4704-100929,Broadalbin,Fulton,NY,12025,Non-Residential,43.080453,-74.145651
43555,4937-55662,Broadalbin,Fulton,NY,12025,Non-Residential,43.080453,-74.145651
43555,4937-39736,Gloversville,Fulton,NY,12078,Non-Residential,43.082755,-74.343858
43555,5093-42215,Gloversville,Fulton,NY,12078,Non-Residential,43.082755,-74.343858
43555,5167-98165,Johnstown,Fulton,NY,12095,Non-Residential,43.023495,-74.394891
43555,5167-98166,Johnstown,Fulton,NY,12095,Non-Residential,43.023495,-74.394891
43555,5401-98345,Broadalbin,Fulton,NY,12025,Non-Residential,43.080453,-74.145651
43555,5401-98348,Johnstown,Fulton,NY,12095,Non-Residential,43.023495,-74.394891
43555,02021-001,Blue Mountain Lake,Hamilton,NY,12812,Non-Residential,43.860052,-74.406756
43555,127526,Raquette Lake,Hamilton,NY,13436,Non-Residential,43.773748,-74.622476
43555,4119-016,Lake Pleasant,Hamilton,NY,12108,Non-Residential,43.555505,-74.434985
43555,4119-31911,Lake Pleasant,Hamilton,NY,12108,Non-Residential,43.555505,-74.434985
43555,4561-27846,Long Lake,Hamilton,NY,12847,Non-Residential,43.971585,-74.420464
43555,5051-98489,Blue Mountain Lake,Hamilton,NY,12812,Non-Residential,43.860052,-74.406756
43555,02011-032,Old Forge,Herkimer,NY,13420,Non-Residential,43.73549,-74.91032
43555,48528,Frankfort,Herkimer,NY,13340,Non-Residential,43.050515,-75.115762
43555,49826-1,Rome,Herkimer,NY,13441,Non-Residential,43.220254,-75.408994
43555,98422,Herkimer,Herkimer,NY,13350,Non-Residential,43.046568,-74.988232
43555,98416,Herkimer,Herkimer,NY,13350,Non-Residential,43.046568,-74.988232
43555,125990,Manheim,Herkimer,NY,13329,Non-Residential,43.10872,-74.733339
43555,125979,Manheim,Herkimer,NY,13329,Non-Residential,43.10872,-74.733339
43555,164386,Frankfort,Herkimer,NY,13340,Non-Residential,43.050515,-75.115762
43555,165081,Little Falls,Herkimer,NY,13365,Non-Residential,43.060591,-74.847449
43555,4001-23158,Little Falls,Herkimer,NY,13365,Non-Residential,43.060591,-74.847449
43555,4211-36633,West Winfield,Herkimer,NY,13491,Non-Residential,42.865873,-75.177789
43555,4362-64899,Frankfort,Herkimer,NY,13340,Non-Residential,43.050515,-75.115762
43555,4362-64898,Manheim,Herkimer,NY,13329,Non-Residential,43.10872,-74.733339
43555,4439-31598,Middleville,Herkimer,NY,13406,Non-Residential,43.137474,-74.925361
43555,4533-38503,Herkimer,Herkimer,NY,13350,Non-Residential,43.046568,-74.988232
43555,4611-26468,Newport,Herkimer,NY,13416,Non-Residential,43.183538,-74.96782
43555,4611-40897,Newport,Herkimer,NY,13416,Non-Residential,43.183538,-74.96782
43555,71717,Carthage,Jefferson,NY,13619,Non-Residential,43.979234,-75.608418
43555,79562,Clayton,Jefferson,NY,13624,Non-Residential,44.217985,-76.094551
43555,88544,Wellesley Island,Jefferson,NY,13640,Non-Residential,44.321996,-75.991161
43555,90998,Watertown,Jefferson,NY,13601,Non-Residential,43.977155,-75.916148
43555,89852,Watertown,Jefferson,NY,13601,Non-Residential,43.977155,-75.916148
43555,94319,Philadelphia,Jefferson,NY,13673,Non-Residential,44.161636,-75.712864
43555,106863,Redwood,Jefferson,NY,13679,Non-Residential,44.325418,-75.777416
43555,109458,Redwood,Jefferson,NY,13679,Non-Residential,44.325418,-75.777416
43555,115469,Clayton,Jefferson,NY,13624,Non-Residential,44.217985,-76.094551
43555,146858,Watertown,Jefferson,NY,13601,Non-Residential,43.977155,-75.916148
43555,152665,Yorktown Heights,Jefferson,NY,10598,Non-Residential,41.292054,-73.793408
43555,152270,Stamford,Jefferson,NY,12167,Non-Residential,42.417503,-74.594377
43555,151345,Lafargeville,Jefferson,NY,13656,Non-Residential,44.194059,-75.949271
43555,155979,Adams,Jefferson,NY,13605,Non-Residential,43.808485,-76.053889
43555,167482,Clayton,Jefferson,NY,13624,Non-Residential,44.217985,-76.094551
43555,167592,Clayton,Jefferson,NY,13624,Non-Residential,44.217985,-76.094551
43555,167425,Clayton,Jefferson,NY,13624,Non-Residential,44.217985,-76.094551
43555,170384,Clayton,Jefferson,NY,13624,Non-Residential,44.217985,-76.094551
43555,4001-33605,Adams,Jefferson,NY,13605,Non-Residential,43.808485,-76.053889
43555,4260-22967,Clayton,Jefferson,NY,13624,Non-Residential,44.217985,-76.094551
43555,4260-70767,Watertown,Jefferson,NY,13601,Non-Residential,43.977155,-75.916148
43555,4260-27862,Alexandria,Jefferson,NY,13607,Non-Residential,44.317344,-75.929396
43555,4260-19744,Sackets Harbor,Jefferson,NY,13685,Non-Residential,43.936538,-76.100664
43555,4260-35980,Cape Vincent,Jefferson,NY,13618,Non-Residential,44.116337,-76.28933
43555,4260-35959,Cape Vincent,Jefferson,NY,13618,Non-Residential,44.116337,-76.28933
43555,4260-22365,Watertown,Jefferson,NY,13601,Non-Residential,43.977155,-75.916148
43555,4260-42353,Alexandria Bay,Jefferson,NY,13607,Non-Residential,44.317344,-75.929396
43555,4260-32201,Evans Mills,Jefferson,NY,13637,Non-Residential,44.089747,-75.835048
43555,4260-003,Clayton,Jefferson,NY,13624,Non-Residential,44.217985,-76.094551
43555,4260-22366,Dexter,Jefferson,NY,13634,Non-Residential,44.009636,-76.077752
43555,4260-92282,Cape Vincent,Jefferson,NY,13618,Non-Residential,44.116337,-76.28933
43555,4260-19651,Clayton,Jefferson,NY,13624,Non-Residential,44.217985,-76.094551
43555,4247-48391,Adams,Jefferson,NY,13605,Non-Residential,43.808485,-76.053889
43555,4260-22969,Clayton,Jefferson,NY,13624,Non-Residential,44.217985,-76.094551
43555,4260-23309,Clayton,Jefferson,NY,13624,Non-Residential,44.217985,-76.094551
43555,4260-38003,Clayton,Jefferson,NY,13624,Non-Residential,44.217985,-76.094551
43555,4260-32691,Clayton,Jefferson,NY,13624,Non-Residential,44.217985,-76.094551
43555,4260-26178,Cape Vincent,Jefferson,NY,13618,Non-Residential,44.116337,-76.28933
43555,4260-35806,Alexandria,Jefferson,NY,13607,Non-Residential,44.317344,-75.929396
43555,4260-32944,Cape Vincent,Jefferson,NY,13618,Non-Residential,44.116337,-76.28933
43555,4260-19912,West Carthage,Jefferson,NY,13619,Non-Residential,43.979234,-75.608418
43555,4247-23589,Wellesley Island,Jefferson,NY,13640,Non-Residential,44.321996,-75.991161
43555,4260-38711,Evans Mills,Jefferson,NY,13637,Non-Residential,44.089747,-75.835048
43555,4260-68375,Alexandria Bay,Jefferson,NY,13607,Non-Residential,44.317344,-75.929396
43555,4260-27954,Alexandria,Jefferson,NY,13607,Non-Residential,44.317344,-75.929396
43555,4260-19983,Watertown,Jefferson,NY,13601,Non-Residential,43.977155,-75.916148
43555,4260-27827,Cape Vincent,Jefferson,NY,13618,Non-Residential,44.116337,-76.28933
43555,4260-23467,Lafargeville,Jefferson,NY,13656,Non-Residential,44.194059,-75.949271
43555,4260-27762,Cape Vincent,Jefferson,NY,13618,Non-Residential,44.116337,-76.28933
43555,4260-27826,Cape Vincent,Jefferson,NY,13618,Non-Residential,44.116337,-76.28933
43555,4260-23977,Alexandria,Jefferson,NY,13607,Non-Residential,44.317344,-75.929396
43555,4260-004,Lafargeville,Jefferson,NY,13656,Non-Residential,44.194059,-75.949271
43555,4260-26176,Cape Vincent,Jefferson,NY,13618,Non-Residential,44.116337,-76.28933
43555,4535-26938,Belleville,Jefferson,NY,13611,Non-Residential,43.768968,-76.134381
43555,4667-27439,Brownville,Jefferson,NY,13615,Non-Residential,44.005272,-75.983333
43555,4702-34363,Watertown,Jefferson,NY,13601,Non-Residential,43.977155,-75.916148
43555,4697-49698,Philadelphia,Jefferson,NY,13673,Non-Residential,44.161636,-75.712864
43555,4702-34353,Watertown,Jefferson,NY,13601,Non-Residential,43.977155,-75.916148
43555,4702-34352,Watertown,Jefferson,NY,13601,Non-Residential,43.977155,-75.916148
43555,4697-40957,Cape Vincent,Jefferson,NY,13618,Non-Residential,44.116337,-76.28933
43555,4702-25308,Watertown,Jefferson,NY,13601,Non-Residential,43.977155,-75.916148
43555,4702-28969,Watertown,Jefferson,NY,13601,Non-Residential,43.977155,-75.916148
43555,4702-25309,Watertown,Jefferson,NY,13601,Non-Residential,43.977155,-75.916148
43555,4702-66255,Watertown,Jefferson,NY,13601,Non-Residential,43.977155,-75.916148
43555,4702-25310,Watertown,Jefferson,NY,13601,Non-Residential,43.977155,-75.916148
43555,4702-59492,Watertown,Jefferson,NY,13601,Non-Residential,43.977155,-75.916148
43555,4702-34366,Watertown,Jefferson,NY,13601,Non-Residential,43.977155,-75.916148
43555,4702-34367,Watertown,Jefferson,NY,13601,Non-Residential,43.977155,-75.916148
43555,4697-49700,Philadelphia,Jefferson,NY,13673,Non-Residential,44.161636,-75.712864
43555,4702-25313,Watertown,Jefferson,NY,13601,Non-Residential,43.977155,-75.916148
43555,4702-34396,Watertown,Jefferson,NY,13601,Non-Residential,43.977155,-75.916148
43555,4702-34364,Watertown,Jefferson,NY,13601,Non-Residential,43.977155,-75.916148
43555,4702-25325,Evans Mills,Jefferson,NY,13637,Non-Residential,44.089747,-75.835048
43555,4704-88479,Watertown,Jefferson,NY,13601,Non-Residential,43.977155,-75.916148
43555,4736-32898,Dexter,Jefferson,NY,13634,Non-Residential,44.009636,-76.077752
43555,5172-61440,Black River,Jefferson,NY,13612,Non-Residential,43.993709,-75.774042
43555,5295-90518,Watertown,Jefferson,NY,13601,Non-Residential,43.977155,-75.916148
43555,5360-82816,Philadelphia,Jefferson,NY,13673,Non-Residential,44.161636,-75.712864
43555,02014-006,Brooklyn,Jefferson,NY,11213,Non-Residential,40.671145,-73.936641
43555,02095-016,Brooklyn,Jefferson,NY,11238,Non-Residential,40.67988,-73.963817
43555,72022,Copenhagen,Lewis,NY,13626,Non-Residential,43.851021,-75.717457
43555,80496,Lowville,Lewis,NY,13367,Non-Residential,43.798604,-75.472278
43555,96898,Lowville,Lewis,NY,13367,Non-Residential,43.798604,-75.472278
43555,118616,Croghan,Lewis,NY,13327,Non-Residential,43.944401,-75.295135
43555,178463,Croghan,Lewis,NY,13327,Non-Residential,43.944401,-75.295135
43555,4260-54719,Lowville,Lewis,NY,13367,Non-Residential,43.798604,-75.472278
43555,4260-60406,Lowville,Lewis,NY,13367,Non-Residential,43.798604,-75.472278
43555,4260-54720,Lowville,Lewis,NY,13367,Non-Residential,43.798604,-75.472278
43555,5033-38400,Glenfield,Lewis,NY,13343,Non-Residential,43.7377,-75.3116
43555,5176-98516,Lowville,Lewis,NY,13367,Non-Residential,43.798604,-75.472278
43555,5124-49460,Rochester,Oswego,NY,14623,Non-Residential,43.08631,-77.634942
43555,5212-37949,Rochester,Oswego,NY,14624,Non-Residential,43.128513,-77.729647
43555,01001-00039,Churchville,Oswego,NY,14428,Non-Residential,43.080492,-77.857148
43555,5409-91264,Pittsford,Oswego,NY,14534,Non-Residential,43.062991,-77.51923
43555,5409-90547,Rochester,Oswego,NY,14606,Non-Residential,43.170242,-77.690241
43555,5409-90142,Webster,Oswego,NY,14580,Non-Residential,43.218784,-77.457073
43555,168386,Bronx,Saratoga,NY,10459,Non-Residential,40.824643,-73.892923
43555,168383,Bronx,Saratoga,NY,10459,Non-Residential,40.824643,-73.892923
43555,168418,Bronx,Saratoga,NY,10459,Non-Residential,40.824643,-73.892923
43555,168420,Bronx,Saratoga,NY,10459,Non-Residential,40.824643,-73.892923
43555,170960,New York,Saratoga,NY,10026,Non-Residential,40.802538,-73.953186
43555,173621,Rhinebeck,Saratoga,NY,12572,Non-Residential,41.926022,-73.876762
43555,33493A-1,Rome,Oneida,NY,13440,Non-Residential,43.214717,-75.454665
43555,37878-1,Rome,Oneida,NY,13440,Non-Residential,43.214717,-75.454665
43555,68186,Rome,Oneida,NY,13440,Non-Residential,43.214717,-75.454665
43555,33494A-1,Rome,Oneida,NY,13440,Non-Residential,43.214717,-75.454665
43555,50999-1,Rome,Oneida,NY,13440,Non-Residential,43.214717,-75.454665
43555,37868-1,Oriskany,Oneida,NY,13424,Non-Residential,43.150818,-75.360631
43555,49801A-1,Camden,Oneida,NY,13316,Non-Residential,43.371679,-75.755941
43555,51000-1,Oneida,Oneida,NY,13421,Non-Residential,43.076187,-75.649101
43555,37879-1,Rome,Oneida,NY,13440,Non-Residential,43.214717,-75.454665
43555,69975,Clinton,Oneida,NY,13323,Non-Residential,43.049079,-75.380619
43555,79631,Camden,Oneida,NY,13316,Non-Residential,43.371679,-75.755941
43555,80474,Boonville,Oneida,NY,13309,Non-Residential,43.478376,-75.339596
43555,83833,Taberg,Oneida,NY,13471,Non-Residential,43.351866,-75.607343
43555,91003,Rome,Oneida,NY,13440,Non-Residential,43.214717,-75.454665
43555,90997,Rome,Oneida,NY,13440,Non-Residential,43.214717,-75.454665
43555,102830,Westdale,Oneida,NY,13483,Non-Residential,43.401053,-75.817974
43555,105462,Waterville,Oneida,NY,13480,Non-Residential,42.914366,-75.366762
43555,118113,Utica,Oneida,NY,13501,Non-Residential,43.085324,-75.228495
43555,118135,Utica,Oneida,NY,13501,Non-Residential,43.085324,-75.228495
43555,121269,Verona,Oneida,NY,13478,Non-Residential,43.143375,-75.578144
43555,4001-027,Waterville,Oneida,NY,13480,Non-Residential,42.914366,-75.366762
43555,4006-19409,Marcy,Oneida,NY,13403,Non-Residential,43.161302,-75.273947
43555,4021-002,Clinton,Oneida,NY,13323,Non-Residential,43.049079,-75.380619
43555,4116-016,Vernon,Oneida,NY,13476,Non-Residential,43.08415,-75.514002
43555,4158-103,Oriskany,Oneida,NY,13424,Non-Residential,43.150818,-75.360631
43555,4247-59951,Clinton,Oneida,NY,13323,Non-Residential,43.049079,-75.380619
43555,4304-002,Utica,Oneida,NY,13502,Non-Residential,43.125063,-75.202584
43555,4304-21813,Holland Patent,Oneida,NY,13354,Non-Residential,43.258381,-75.263445
43555,4304-19930,Clinton,Oneida,NY,13323,Non-Residential,43.049079,-75.380619
43555,4304-21768,Clinton,Oneida,NY,13323,Non-Residential,43.049079,-75.380619
43555,4611-25718,Clinton,Oneida,NY,13323,Non-Residential,43.049079,-75.380619
43555,4369-26772,New Hartford,Oneida,NY,13413,Non-Residential,43.066343,-75.287002
43555,4362-38150,New Hartford,Oneida,NY,13413,Non-Residential,43.066343,-75.287002
43555,4464-37788,Camden,Oneida,NY,13316,Non-Residential,43.371679,-75.755941
43555,4521-86240,Rome,Oneida,NY,13440,Non-Residential,43.214717,-75.454665
43555,4611-32874,Rome,Oneida,NY,13440,Non-Residential,43.214717,-75.454665
43555,4611-32875,Rome,Oneida,NY,13440,Non-Residential,43.214717,-75.454665
43555,4611-30640,Westmoreland,Oneida,NY,13490,Non-Residential,43.10884,-75.423079
43555,4611-22435,Utica,Oneida,NY,13502,Non-Residential,43.125063,-75.202584
43555,4611-30770,Whitesboro,Oneida,NY,13492,Non-Residential,43.11737,-75.321355
43555,4611-29286,Clinton,Oneida,NY,13323,Non-Residential,43.049079,-75.380619
43555,4611-24129,Utica,Oneida,NY,13501,Non-Residential,43.085324,-75.228495
43555,4611-31790,Holland Patent,Oneida,NY,13354,Non-Residential,43.258381,-75.263445
43555,4611-21986,Rome,Oneida,NY,13440,Non-Residential,43.214717,-75.454665
43555,4611-24597,Rome,Oneida,NY,13440,Non-Residential,43.214717,-75.454665
43555,4611-24234,Utica,Oneida,NY,13501,Non-Residential,43.085324,-75.228495
43555,4611-69114,Rome,Oneida,NY,13440,Non-Residential,43.214717,-75.454665
43555,4611-90701,Yorkville,Oneida,NY,13495,Non-Residential,43.111605,-75.278427
43555,4611-64583,New Hartford,Oneida,NY,13413,Non-Residential,43.066343,-75.287002
43555,4611-91570,Yorkville,Oneida,NY,13495,Non-Residential,43.111605,-75.278427
43555,4611-65130,Westmoreland,Oneida,NY,13490,Non-Residential,43.10884,-75.423079
43555,4611-65016,Clinton,Oneida,NY,13323,Non-Residential,43.049079,-75.380619
43555,4659-24647,Rome,Oneida,NY,13440,Non-Residential,43.214717,-75.454665
43555,4702-34398,Rome,Oneida,NY,13440,Non-Residential,43.214717,-75.454665
43555,4697-29820,Clinton,Oneida,NY,13323,Non-Residential,43.049079,-75.380619
43555,4702-34354,Rome,Oneida,NY,13440,Non-Residential,43.214717,-75.454665
43555,4702-34399,Rome,Oneida,NY,13440,Non-Residential,43.214717,-75.454665
43555,4702-25311,Rome,Oneida,NY,13440,Non-Residential,43.214717,-75.454665
43555,4702-25312,Rome,Oneida,NY,13440,Non-Residential,43.214717,-75.454665
43555,4702-098052,Clinton,Oneida,NY,13323,Non-Residential,43.049079,-75.380619
43555,4704-85603,Utica,Oneida,NY,13501,Non-Residential,43.085324,-75.228495
43555,5121-65713-GJC,Blossvale,Oneida,NY,13308,Non-Residential,43.246264,-75.67394
43555,5295-92877,Rome,Oneida,NY,13440,Non-Residential,43.214717,-75.454665
43555,5366-98133,Barneveld,Oneida,NY,13304,Non-Residential,43.241398,-75.16936
43555,75832,Brewerton,Oneida,NY,13029,Non-Residential,43.223906,-76.139362
43555,97273,Syracuse,Oneida,NY,13215,Non-Residential,42.987251,-76.220062
43555,4611-55786,Syracuse,Oneida,NY,13210,Non-Residential,43.034152,-76.126551
43555,4116-20263,Syracuse,Oneida,NY,13214,Non-Residential,43.040484,-76.074122
43555,4880-32769,Skaneateles,Oneida,NY,13152,Non-Residential,42.894504,-76.384987
43555,02149-006,Parish,Oswego,NY,13131,Non-Residential,43.416461,-76.098964
43555,49829-1,Fulton,Oswego,NY,13069,Non-Residential,43.324957,-76.390481
43555,71331,Pulaski,Oswego,NY,13142,Non-Residential,43.555712,-76.134908
43555,77085,Parish,Oswego,NY,13131,Non-Residential,43.416461,-76.098964
43555,82624,Mexico,Oswego,NY,13314,Non-Residential,42.81458,-75.346279
43555,81953,Sandy Creek,Oswego,NY,13145,Non-Residential,43.655206,-76.129967
43555,92745,Pulaski,Oswego,NY,13142,Non-Residential,43.555712,-76.134908
43555,92849,Phoenix,Oswego,NY,13135,Non-Residential,43.250396,-76.316143
43555,117089,Central Square,Oswego,NY,13036,Non-Residential,43.309824,-76.166889
43555,117694,Oswego,Oswego,NY,13126,Non-Residential,43.440456,-76.474421
43555,115456,Central Square,Oswego,NY,13036,Non-Residential,43.309824,-76.166889
43555,130546,Mexico,Oswego,NY,13114,Non-Residential,43.466852,-76.240968
43555,171466,Central Square,Oswego,NY,13036,Non-Residential,43.309824,-76.166889
43555,4116-29360,Oswego,Oswego,NY,13126,Non-Residential,43.440456,-76.474421
43555,4116-29419,Oswego,Oswego,NY,13126,Non-Residential,43.440456,-76.474421
43555,4116-29436,Oswego,Oswego,NY,13126,Non-Residential,43.440456,-76.474421
43555,4116-29478,Oswego,Oswego,NY,13126,Non-Residential,43.440456,-76.474421
43555,4116-20045,Parish,Oswego,NY,13131,Non-Residential,43.416461,-76.098964
43555,4116-33058,Oswego,Oswego,NY,13126,Non-Residential,43.440456,-76.474421
43555,4116-29359,Fulton,Oswego,NY,13069,Non-Residential,43.324957,-76.390481
43555,4116-32299,Cleveland,Oswego,NY,13042,Non-Residential,43.248755,-75.848762
43555,4116-20042,Parish,Oswego,NY,13131,Non-Residential,43.416461,-76.098964
43555,4116-31410,Pulaski,Oswego,NY,13142,Non-Residential,43.555712,-76.134908
43555,4116-197,Oswego,Oswego,NY,13126,Non-Residential,43.440456,-76.474421
43555,4116-29357,Mexico,Oswego,NY,13114,Non-Residential,43.466852,-76.240968
43555,4180-19915,Pulaski,Oswego,NY,13142,Non-Residential,43.555712,-76.134908
43555,4247-102838,Minetto,Oswego,NY,13115,Non-Residential,43.398398,-76.47845
43555,4205-22483,Phoenix,Oswego,NY,13135,Non-Residential,43.250396,-76.316143
43555,4521-102791,Oswego,Oswego,NY,13126,Non-Residential,43.440456,-76.474421
43555,4550-32813,Hastings,Oswego,NY,13076,Non-Residential,43.352818,-76.144592
43555,4611-39361,Oswego,Oswego,NY,13126,Non-Residential,43.440456,-76.474421
43555,4611-25238,Oswego,Oswego,NY,13126,Non-Residential,43.440456,-76.474421
43555,4611-25235,Oswego,Oswego,NY,13126,Non-Residential,43.440456,-76.474421
43555,4611-22125,Pennellville,Oswego,NY,13132,Non-Residential,43.263181,-76.241571
43555,4630-28083,Hannibal,Oswego,NY,13074,Non-Residential,43.310306,-76.552826
43555,4630-26944,Phoenix,Oswego,NY,13135,Non-Residential,43.250396,-76.316143
43555,4630-32202,Sandy Creek,Oswego,NY,13145,Non-Residential,43.655206,-76.129967
43555,4630-36230,Pennellville,Oswego,NY,13132,Non-Residential,43.263181,-76.241571
43555,4630-37629,Phoenix,Oswego,NY,13135,Non-Residential,43.250396,-76.316143
43555,4630-32282,Fulton,Oswego,NY,13069,Non-Residential,43.324957,-76.390481
43555,4630-40088,Hannibal,Oswego,NY,13074,Non-Residential,43.310306,-76.552826
43555,4627-31043,Oswego,Oswego,NY,13126,Non-Residential,43.440456,-76.474421
43555,4630-26014,Fulton,Oswego,NY,13069,Non-Residential,43.324957,-76.390481
43555,4630-32254,Oswego,Oswego,NY,13126,Non-Residential,43.440456,-76.474421
43555,4630-32840,Central Square,Oswego,NY,13036,Non-Residential,43.309824,-76.166889
43555,4630-28084,Oswego,Oswego,NY,13126,Non-Residential,43.440456,-76.474421
43555,4630-31897,Phoenix,Oswego,NY,13135,Non-Residential,43.250396,-76.316143
43555,4658-35314,Oswego,Oswego,NY,13126,Non-Residential,43.440456,-76.474421
43555,4643-24963,Fulton,Oswego,NY,13069,Non-Residential,43.324957,-76.390481
43555,4659-25495,Oswego,Oswego,NY,13126,Non-Residential,43.440456,-76.474421
43555,4658-43659,Oswego,Oswego,NY,13126,Non-Residential,43.440456,-76.474421
43555,4704-26456,Fulton,Oswego,NY,13069,Non-Residential,43.324957,-76.390481
43555,4704-26458,Fulton,Oswego,NY,13069,Non-Residential,43.324957,-76.390481
43555,4704-26168,Fulton,Oswego,NY,13069,Non-Residential,43.324957,-76.390481
43555,4706-26166,Fulton,Oswego,NY,13069,Non-Residential,43.324957,-76.390481
43555,4706-26165,Fulton,Oswego,NY,13069,Non-Residential,43.324957,-76.390481
43555,4801-28718,Oswego,Oswego,NY,13126,Non-Residential,43.440456,-76.474421
43555,4848-31994,Oswego,Oswego,NY,13126,Non-Residential,43.440456,-76.474421
43555,4830-29536,Oswego,Oswego,NY,13126,Non-Residential,43.440456,-76.474421
43555,4848-31688,Oswego,Oswego,NY,13126,Non-Residential,43.440456,-76.474421
43555,02012-026,Hannibal,Oswego,NY,13074,Non-Residential,43.310306,-76.552826
43555,31275A-1,Greenfield,Saratoga,NY,12866,Non-Residential,43.07772,-73.759248
43555,49765A-1,Halfmoon,Saratoga,NY,12065,Non-Residential,42.852843,-73.783424
43555,49852B-1,Saratoga Springs,Saratoga,NY,12866,Non-Residential,43.07772,-73.759248
43555,51003-1,Clifton Park,Saratoga,NY,12148,Non-Residential,42.840999,-73.852723
43555,02158-017,Saratoga Springs,Saratoga,NY,12866,Non-Residential,43.07772,-73.759248
43555,49836-1,Waterford,Saratoga,NY,12188,Non-Residential,42.815297,-73.699726
43555,33538-1,Clifton Park,Saratoga,NY,12065,Non-Residential,42.852843,-73.783424
43555,31307-1,Saratoga Springs,Saratoga,NY,12866,Non-Residential,43.07772,-73.759248
43555,70518,Ballston Spa,Saratoga,NY,12020,Non-Residential,43.004269,-73.854217
43555,81459,Mechanicville,Saratoga,NY,12118,Non-Residential,42.916667,-73.722451
43555,82799,Saratoga Springs,Saratoga,NY,12866,Non-Residential,43.07772,-73.759248
43555,89017,Rexford,Saratoga,NY,12148,Non-Residential,42.840999,-73.852723
43555,91669,Saratoga Springs,Saratoga,NY,12866,Non-Residential,43.07772,-73.759248
43555,90872,Saratoga Springs,Saratoga,NY,12866,Non-Residential,43.07772,-73.759248
43555,100472,Saratoga Springs,Saratoga,NY,12866,Non-Residential,43.07772,-73.759248
43555,100146,Saratoga Springs,Saratoga,NY,12866,Non-Residential,43.07772,-73.759248
43555,101714,Saratoga Springs,Saratoga,NY,12866,Non-Residential,43.07772,-73.759248
43555,101978,Waterford,Saratoga,NY,12188,Non-Residential,42.815297,-73.699726
43555,118247,Ballston Spa,Saratoga,NY,12020,Non-Residential,43.004269,-73.854217
43555,156375,Ballston Lake,Saratoga,NY,12019,Non-Residential,42.926649,-73.865824
43555,165459,Rexford,Saratoga,NY,12148,Non-Residential,42.840999,-73.852723
43555,169811,Rexford,Saratoga,NY,12148,Non-Residential,42.840999,-73.852723
43555,170588,Clifton Park,Saratoga,NY,12065,Non-Residential,42.852843,-73.783424
43555,176471,Saratoga Springs,Saratoga,NY,12866,Non-Residential,43.07772,-73.759248
43555,4003-21418,West Milton,Saratoga,NY,12020,Non-Residential,43.004269,-73.854217
43555,4006-21026,Mechanicville,Saratoga,NY,12118,Non-Residential,42.916667,-73.722451
43555,4116-35573,Corinth,Saratoga,NY,12822,Non-Residential,43.250373,-73.862657
43555,4116-26446,Saratoga Springs,Saratoga,NY,12866,Non-Residential,43.07772,-73.759248
43555,4149-027,Saratoga Springs,Saratoga,NY,12866,Non-Residential,43.07772,-73.759248
43555,4158-070,Malta,Saratoga,NY,12020,Non-Residential,43.004269,-73.854217
43555,4244-22571,Schuylerville,Saratoga,NY,12871,Non-Residential,43.095897,-73.610098
43555,4244-22309,Schuylerville,Saratoga,NY,12871,Non-Residential,43.095897,-73.610098
43555,4301-43315,Saratoga Springs,Saratoga,NY,12866,Non-Residential,43.07772,-73.759248
43555,4362-26763,Clifton Park,Saratoga,NY,12065,Non-Residential,42.852843,-73.783424
43555,4362-26083,Saratoga Springs,Saratoga,NY,12866,Non-Residential,43.07772,-73.759248
43555,4362-26758,Mechanicville,Saratoga,NY,12118,Non-Residential,42.916667,-73.722451
43555,4362-25064,Halfmoon,Saratoga,NY,12065,Non-Residential,42.852843,-73.783424
43555,4362-26760,Mechanicville,Saratoga,NY,12118,Non-Residential,42.916667,-73.722451
43555,4362-26087,Saratoga Springs,Saratoga,NY,12866,Non-Residential,43.07772,-73.759248
43555,4362-30448,Saratoga Springs,Saratoga,NY,12866,Non-Residential,43.07772,-73.759248
43555,4362-26084,Saratoga Spgs,Saratoga,NY,12866,Non-Residential,43.07772,-73.759248
43555,4362-26759,Stillwater,Saratoga,NY,12170,Non-Residential,42.995635,-73.661774
43555,4362-25798,Schuylerville,Saratoga,NY,12871,Non-Residential,43.095897,-73.610098
43555,4362-30945,Stillwater,Saratoga,NY,12170,Non-Residential,42.995635,-73.661774
43555,4375-30974,Clifton Park,Saratoga,NY,12065,Non-Residential,42.852843,-73.783424
43555,4375-22110,Malta,Saratoga,NY,12020,Non-Residential,43.004269,-73.854217
43555,4375-19474,Clifton Park,Saratoga,NY,12065,Non-Residential,42.852843,-73.783424
43555,4362-65903,Round Lake,Saratoga,NY,12151,Non-Residential,42.926839,-73.791645
43555,4362-36722,Clifton Park,Saratoga,NY,12065,Non-Residential,42.852843,-73.783424
43555,4375-25660-NFI,Malta,Saratoga,NY,12020,Non-Residential,43.004269,-73.854217
43555,4375-22060,Malta,Saratoga,NY,12020,Non-Residential,43.004269,-73.854217
43555,4375-22061,Malta,Saratoga,NY,12020,Non-Residential,43.004269,-73.854217
43555,4362-35660,Saratoga Springs,Saratoga,NY,12866,Non-Residential,43.07772,-73.759248
43555,4375-28372,Clifton Park,Saratoga,NY,12065,Non-Residential,42.852843,-73.783424
43555,4375-003,Clifton Park,Saratoga,NY,12065,Non-Residential,42.852843,-73.783424
43555,4362-39050,Clifton Park,Saratoga,NY,12065,Non-Residential,42.852843,-73.783424
43555,4375-25659-NFI,Malta,Saratoga,NY,12020,Non-Residential,43.004269,-73.854217
43555,4362-35739,Saratoga Springs,Saratoga,NY,12866,Non-Residential,43.07772,-73.759248
43555,4362-36353,Mechanicville,Saratoga,NY,12118,Non-Residential,42.916667,-73.722451
43555,4362-35664,Saratoga Springs,Saratoga,NY,12866,Non-Residential,43.07772,-73.759248
43555,4362-38670,Round Lake,Saratoga,NY,12151,Non-Residential,42.926839,-73.791645
43555,4375-30309,Malta,Saratoga,NY,12020,Non-Residential,43.004269,-73.854217
43555,4533-23664,Saratoga Springs,Saratoga,NY,12866,Non-Residential,43.07772,-73.759248
43555,4533-35504,Saratoga Springs,Saratoga,NY,12866,Non-Residential,43.07772,-73.759248
43555,4533-35505,Saratoga Springs,Saratoga,NY,12866,Non-Residential,43.07772,-73.759248
43555,4507-19863,Saratoga Springs,Saratoga,NY,12866,Non-Residential,43.07772,-73.759248
43555,4533-35506,Saratoga Springs,Saratoga,NY,12866,Non-Residential,43.07772,-73.759248
43555,4548-21056,Waterford,Saratoga,NY,12188,Non-Residential,42.815297,-73.699726
43555,4548-32754,Saratoga Springs,Saratoga,NY,12866,Non-Residential,43.07772,-73.759248
43555,4548-58155,Burnt Hills,Saratoga,NY,12027,Non-Residential,42.917471,-73.906378
43555,4548-56294,Round Lake,Saratoga,NY,12151,Non-Residential,42.926839,-73.791645
43555,4548-24876,Clifton Park,Saratoga,NY,12065,Non-Residential,42.852843,-73.783424
43555,4548-23762,Mechanicville,Saratoga,NY,12118,Non-Residential,42.916667,-73.722451
43555,4548-24934,Mechanicville,Saratoga,NY,12118,Non-Residential,42.916667,-73.722451
43555,4548-32513,Ballston Spa,Saratoga,NY,12020,Non-Residential,43.004269,-73.854217
43555,4533-79123,Saratoga Springs,Saratoga,NY,12866,Non-Residential,43.07772,-73.759248
43555,4533-79120,Saratoga Springs,Saratoga,NY,12866,Non-Residential,43.07772,-73.759248
43555,4548-28287,Stillwater,Saratoga,NY,12170,Non-Residential,42.995635,-73.661774
43555,4548-23835,Clifton Park,Saratoga,NY,12065,Non-Residential,42.852843,-73.783424
43555,4548-28288,Stillwater,Saratoga,NY,12170,Non-Residential,42.995635,-73.661774
43555,4548-25016,Mechanicville,Saratoga,NY,12118,Non-Residential,42.916667,-73.722451
43555,4548-36328,Mechanicville,Saratoga,NY,12118,Non-Residential,42.916667,-73.722451
43555,4548-30217,Clifton Park,Saratoga,NY,12065,Non-Residential,42.852843,-73.783424
43555,4548-23834,Mechanicville,Saratoga,NY,12118,Non-Residential,42.916667,-73.722451
43555,4548-36325,Mechanicville,Saratoga,NY,12118,Non-Residential,42.916667,-73.722451
43555,4548-29378,Mechanicville,Saratoga,NY,12118,Non-Residential,42.916667,-73.722451
43555,4548-33157,Mechanicville,Saratoga,NY,12118,Non-Residential,42.916667,-73.722451
43555,4548-26265,Malta,Saratoga,NY,12020,Non-Residential,43.004269,-73.854217
43555,4548-25018,Mechanicville,Saratoga,NY,12118,Non-Residential,42.916667,-73.722451
43555,4548-23774,Mechanicville,Saratoga,NY,12118,Non-Residential,42.916667,-73.722451
43555,4548-56282,Round Lake,Saratoga,NY,12151,Non-Residential,42.926839,-73.791645
43555,4548-36327,Mechanicville,Saratoga,NY,12118,Non-Residential,42.916667,-73.722451
43555,4548-27770,Clifton Park,Saratoga,NY,12065,Non-Residential,42.852843,-73.783424
43555,4548-31462,Clifton Park,Saratoga,NY,12065,Non-Residential,42.852843,-73.783424
43555,4548-31904,Gansevoort,Saratoga,NY,12831,Non-Residential,43.188019,-73.693309
43555,4548-37270,Saratoga Springs,Saratoga,NY,12866,Non-Residential,43.07772,-73.759248
43555,4548-50128,Burnt Hills,Saratoga,NY,12027,Non-Residential,42.917471,-73.906378
43555,4548-28289,Stillwater,Saratoga,NY,12170,Non-Residential,42.995635,-73.661774
43555,4548-28286,Stillwater,Saratoga,NY,12170,Non-Residential,42.995635,-73.661774
43555,4548-35870,Saratoga Springs,Saratoga,NY,12866,Non-Residential,43.07772,-73.759248
43555,4548-35869,Saratoga Springs,Saratoga,NY,12866,Non-Residential,43.07772,-73.759248
43555,4548-32231,Schuylerville,Saratoga,NY,12871,Non-Residential,43.095897,-73.610098
43555,4548-24875,Mechanicville,Saratoga,NY,12118,Non-Residential,42.916667,-73.722451
43555,4548-30673,Mechanicville,Saratoga,NY,12118,Non-Residential,42.916667,-73.722451
43555,4548-28715,Mechanicville,Saratoga,NY,12118,Non-Residential,42.916667,-73.722451
43555,4548-30239,Malta,Saratoga,NY,12020,Non-Residential,43.004269,-73.854217
43555,4548-25017,Mechanicville,Saratoga,NY,12118,Non-Residential,42.916667,-73.722451
43555,4561-23000A,Saratoga Springs,Saratoga,NY,12866,Non-Residential,43.07772,-73.759248
43555,4564-24860,Ballston Spa,Saratoga,NY,12020,Non-Residential,43.004269,-73.854217
43555,4572-34040,Ballston Spa,Saratoga,NY,12020,Non-Residential,43.004269,-73.854217
43555,4694-38995,South Glens Falls,Saratoga,NY,12803,Non-Residential,43.287208,-73.636738
43555,4694-36158,Ballston Spa,Saratoga,NY,12020,Non-Residential,43.004269,-73.854217
43555,4695-25661,Malta,Saratoga,NY,12020,Non-Residential,43.004269,-73.854217
43555,4702-101636,Saratoga Springs,Saratoga,NY,12866,Non-Residential,43.07772,-73.759248
43555,4696-25662-NFI,Malta,Saratoga,NY,12020,Non-Residential,43.004269,-73.854217
43555,4694-37277,Clifton Park,Saratoga,NY,12065,Non-Residential,42.852843,-73.783424
43555,4694-35344,Saratoga Springs,Saratoga,NY,12866,Non-Residential,43.07772,-73.759248
43555,4694-25663-NFI,Malta,Saratoga,NY,12020,Non-Residential,43.004269,-73.854217
43555,4694-33581,Wilton,Saratoga,NY,12831,Non-Residential,43.188019,-73.693309
43555,4662-52531,Charlton,Saratoga,NY,12019,Non-Residential,42.926649,-73.865824
43555,4694-35343,Saratoga Springs,Saratoga,NY,12866,Non-Residential,43.07772,-73.759248
43555,4695-26455,Schuylerville,Saratoga,NY,12871,Non-Residential,43.095897,-73.610098
43555,4696-26457,Schuylerville,Saratoga,NY,12871,Non-Residential,43.095897,-73.610098
43555,4694-34349,Saratoga Springs,Saratoga,NY,12866,Non-Residential,43.07772,-73.759248
43555,4704-77207,Mechanicville,Saratoga,NY,12118,Non-Residential,42.916667,-73.722451
43555,4758-31217,Clifton Park,Saratoga,NY,12065,Non-Residential,42.852843,-73.783424
43555,4758-34035,Ballston Lake,Saratoga,NY,12019,Non-Residential,42.926649,-73.865824
43555,4758-39157,Saratoga Springs,Saratoga,NY,12866,Non-Residential,43.07772,-73.759248
43555,4758-75452,Saratoga Springs,Saratoga,NY,12866,Non-Residential,43.07772,-73.759248
43555,4758-30780,Clifton Park,Saratoga,NY,12065,Non-Residential,42.852843,-73.783424
43555,4758-37605,Round Lake,Saratoga,NY,12151,Non-Residential,42.926839,-73.791645
43555,4758-49320-GJC,Saratoga Springs,Saratoga,NY,12866,Non-Residential,43.07772,-73.759248
43555,4758-31227,Ballston Spa,Saratoga,NY,12020,Non-Residential,43.004269,-73.854217
43555,4758-33752,Saratoga Springs,Saratoga,NY,12866,Non-Residential,43.07772,-73.759248
43555,4758-34034,Burnt Hills,Saratoga,NY,12027,Non-Residential,42.917471,-73.906378
43555,4758-37767,Malta,Saratoga,NY,12020,Non-Residential,43.004269,-73.854217
43555,4937-31399,Galway,Saratoga,NY,12074,Non-Residential,43.045567,-74.045908
43555,4937-36913,Saratoga Springs,Saratoga,NY,12866,Non-Residential,43.07772,-73.759248
43555,4937-33303,Galway,Saratoga,NY,12074,Non-Residential,43.045567,-74.045908
43555,5093-44116,South Glens Falls,Saratoga,NY,12803,Non-Residential,43.287208,-73.636738
43555,5093-41127,Corinth,Saratoga,NY,12822,Non-Residential,43.250373,-73.862657
43555,5063-94972,Mechanicville,Saratoga,NY,12118,Non-Residential,42.916667,-73.722451
43555,5093-43063,Saratoga Springs,Saratoga,NY,12866,Non-Residential,43.07772,-73.759248
43555,5093-43867,Schuylerville,Saratoga,NY,12871,Non-Residential,43.095897,-73.610098
43555,5063-86184,Mechanicville,Saratoga,NY,12118,Non-Residential,42.916667,-73.722451
43555,5093-40148,Clifton Park,Saratoga,NY,12065,Non-Residential,42.852843,-73.783424
43555,5046-37772,Mechanicville,Saratoga,NY,12118,Non-Residential,42.916667,-73.722451
43555,5046-46640,Clifton Park,Saratoga,NY,12065,Non-Residential,42.852843,-73.783424
43555,5122-58930,Clifton Park,Saratoga,NY,12065,Non-Residential,42.852843,-73.783424
43555,5122-62028,Clifton Park,Saratoga,NY,12065,Non-Residential,42.852843,-73.783424
43555,5122-65103-GJC,Ballston Spa,Saratoga,NY,12020,Non-Residential,43.004269,-73.854217
43555,5122-58929,Clifton Park,Saratoga,NY,12065,Non-Residential,42.852843,-73.783424
43555,5122-65104-GJC,Ballston Spa,Saratoga,NY,12020,Non-Residential,43.004269,-73.854217
43555,5130-56670,Ballston Spa,Saratoga,NY,12020,Non-Residential,43.004269,-73.854217
43555,5130-55107,Ballston Spa,Saratoga,NY,12020,Non-Residential,43.004269,-73.854217
43555,5130-55106,Ballston Spa,Saratoga,NY,12020,Non-Residential,43.004269,-73.854217
43555,5196-57292,Ballston Spa,Saratoga,NY,12020,Non-Residential,43.004269,-73.854217
43555,5176-77070,Clifton Park,Saratoga,NY,12065,Non-Residential,42.852843,-73.783424
43555,5318-101036,Mechanicville,Saratoga,NY,12118,Non-Residential,42.916667,-73.722451
43555,02003-019,Saratoga Springs,Saratoga,NY,12866,Non-Residential,43.07772,-73.759248
43555,5377-54549,Mechanicville,Saratoga,NY,12118,Non-Residential,42.916667,-73.722451
43555,02023-004,Canton,St. Lawrence,NY,13617,Non-Residential,44.58107,-75.1409
43555,50970-1,Gouverneur,St. Lawrence,NY,13642,Non-Residential,44.328848,-75.467222
43555,51002-1,Lisbon,St. Lawrence,NY,13658,Non-Residential,44.735867,-75.278836
43555,49804A-1,Ogdensburg,St. Lawrence,NY,13669,Non-Residential,44.652305,-75.506864
43555,0107456-1,Lisbon,St. Lawrence,NY,13660,Non-Residential,44.772478,-75.153908
43555,33488-1,Potsdam,St. Lawrence,NY,13676,Non-Residential,44.65525,-74.932432
43555,71246,Gouverneur,St. Lawrence,NY,13642,Non-Residential,44.328848,-75.467222
43555,75760,Ogdensburg,St. Lawrence,NY,13669,Non-Residential,44.652305,-75.506864
43555,87940,Gouverneur,St. Lawrence,NY,13642,Non-Residential,44.328848,-75.467222
43555,90136,Hammond,St. Lawrence,NY,13646,Non-Residential,44.44678,-75.681701
43555,98022,Potsdam,St. Lawrence,NY,13676,Non-Residential,44.65525,-74.932432
43555,102872,Canton,St. Lawrence,NY,13617,Non-Residential,44.58107,-75.1409
43555,101316,Ogdensburg,St. Lawrence,NY,13669,Non-Residential,44.652305,-75.506864
43555,116176,Croghan,St. Lawrence,NY,13327,Non-Residential,43.944401,-75.295135
43555,117193,Hermon,St. Lawrence,NY,13652,Non-Residential,44.438635,-75.211065
43555,116315,Croghan,St. Lawrence,NY,13327,Non-Residential,43.944401,-75.295135
43555,116334,Croghan,St. Lawrence,NY,13327,Non-Residential,43.944401,-75.295135
43555,158731,Hammond,St. Lawrence,NY,13646,Non-Residential,44.44678,-75.681701
43555,160712,Hammond,St. Lawrence,NY,13646,Non-Residential,44.44678,-75.681701
43555,4054-011,Colton,St. Lawrence,NY,13625,Non-Residential,44.36701,-74.83126
43555,4124-065,Hermon,St. Lawrence,NY,13652,Non-Residential,44.438635,-75.211065
43555,4260-34783,Heuvelton,St. Lawrence,NY,13654,Non-Residential,44.590026,-75.428989
43555,4260-42659,Gouverneur,St. Lawrence,NY,13642,Non-Residential,44.328848,-75.467222
43555,4260-37503,Norfolk,St. Lawrence,NY,13667,Non-Residential,44.831433,-74.96406
43555,4260-29056,Russell,St. Lawrence,NY,13684,Non-Residential,44.377162,-75.060779
43555,4260-102080,De Kalb Junction,St. Lawrence,NY,13630,Non-Residential,44.497236,-75.307922
43555,4260-26713,Ogdensburg,St. Lawrence,NY,13669,Non-Residential,44.652305,-75.506864
43555,4260-42657,Brier Hill,St. Lawrence,NY,13614,Non-Residential,44.530218,-75.695271
43555,4247-35426,Ogdensburg,St. Lawrence,NY,13669,Non-Residential,44.652305,-75.506864
43555,4260-41834,Ogdensburg,St. Lawrence,NY,13669,Non-Residential,44.652305,-75.506864
43555,4260-29052,Russell,St. Lawrence,NY,13684,Non-Residential,44.377162,-75.060779
43555,4260-37321,Waddington,St. Lawrence,NY,13694,Non-Residential,44.855742,-75.171438
43555,4260-29055,Russell,St. Lawrence,NY,13684,Non-Residential,44.377162,-75.060779
43555,4260-29458,Lisbon,St. Lawrence,NY,13658,Non-Residential,44.735867,-75.278836
43555,4260-92303,Ogdensburg,St. Lawrence,NY,13669,Non-Residential,44.652305,-75.506864
43555,4260-42658,Gouverneur,St. Lawrence,NY,13642,Non-Residential,44.328848,-75.467222
43555,4281-64958-GJC,Rensselaer Falls,St. Lawrence,NY,13680,Non-Residential,44.580722,-75.340566
43555,4281-80966,Colton,St. Lawrence,NY,13625,Non-Residential,44.36701,-74.83126
43555,4281-44127,Norfolk,St. Lawrence,NY,13667,Non-Residential,44.831433,-74.96406
43555,4281-68009,Ogdensburg,St. Lawrence,NY,13669,Non-Residential,44.652305,-75.506864
43555,4281-26877,Lisbon,St. Lawrence,NY,13658,Non-Residential,44.735867,-75.278836
43555,4382-65125,Hermon,St. Lawrence,NY,13652,Non-Residential,44.438635,-75.211065
43555,4493-29806,De Kalb Junction,St. Lawrence,NY,13630,Non-Residential,44.497236,-75.307922
43555,4548-34146,Potsdam,St. Lawrence,NY,13676,Non-Residential,44.65525,-74.932432
43555,4550-78276,Gouverneur,St. Lawrence,NY,13642,Non-Residential,44.328848,-75.467222
43555,4697-29795,Lisbon,St. Lawrence,NY,13658,Non-Residential,44.735867,-75.278836
43555,4704-87390,Canton,St. Lawrence,NY,13617,Non-Residential,44.58107,-75.1409
43555,4736-65222,Madrid,St. Lawrence,NY,13660,Non-Residential,44.772478,-75.153908
43555,4736-41101,Ogdensburg,St. Lawrence,NY,13669,Non-Residential,44.652305,-75.506864
43555,4745-91868,Potsdam,St. Lawrence,NY,13676,Non-Residential,44.65525,-74.932432
43555,4745-85788,Potsdam,St. Lawrence,NY,13676,Non-Residential,44.65525,-74.932432
43555,4745-85795,Potsdam,St. Lawrence,NY,13676,Non-Residential,44.65525,-74.932432
43555,4745-85771,Potsdam,St. Lawrence,NY,13676,Non-Residential,44.65525,-74.932432
43555,4745-85538,Potsdam,St. Lawrence,NY,13676,Non-Residential,44.65525,-74.932432
43555,4745-85513,Potsdam,St. Lawrence,NY,13676,Non-Residential,44.65525,-74.932432
43555,4745-85520,Potsdam,St. Lawrence,NY,13676,Non-Residential,44.65525,-74.932432
43555,5167-94791,Lisbon,St. Lawrence,NY,13658,Non-Residential,44.735867,-75.278836
43555,5250-60375,Ogdensburg,St. Lawrence,NY,13669,Non-Residential,44.652305,-75.506864
43555,75776,Glens Falls,Warren,NY,12801,Non-Residential,43.311431,-73.647738
43555,76175,Queensbury,Warren,NY,12804,Non-Residential,43.335343,-73.676867
43555,78004,North Creek,Warren,NY,12853,Non-Residential,43.69874,-73.94678
43555,96654,Queensbury,Warren,NY,12804,Non-Residential,43.335343,-73.676867
43555,99855,North Creek,Warren,NY,12853,Non-Residential,43.69874,-73.94678
43555,102671,Queensbury,Warren,NY,12804,Non-Residential,43.335343,-73.676867
43555,102658,Queensbury,Warren,NY,12804,Non-Residential,43.335343,-73.676867
43555,118694,Chestertown,Warren,NY,12817,Non-Residential,43.640111,-73.821038
43555,155910,Queensbury,Warren,NY,12804,Non-Residential,43.335343,-73.676867
43555,4173-012,Queensbury,Warren,NY,12804,Non-Residential,43.335343,-73.676867
43555,4184-001,Glens Falls,Warren,NY,12801,Non-Residential,43.311431,-73.647738
43555,4235-27807,Stony Creek,Warren,NY,12878,Non-Residential,43.4299,-73.96688
43555,4301-41119,Glens Falls,Warren,NY,12801,Non-Residential,43.311431,-73.647738
43555,4362-30446,Queensbury,Warren,NY,12804,Non-Residential,43.335343,-73.676867
43555,4362-35239,Queensbury,Warren,NY,12804,Non-Residential,43.335343,-73.676867
43555,4362-35211,Queensbury,Warren,NY,12804,Non-Residential,43.335343,-73.676867
43555,4362-32556,Lake George,Warren,NY,12845,Non-Residential,43.425392,-73.705242
43555,4362-31767,Glens Falls,Warren,NY,12801,Non-Residential,43.311431,-73.647738
43555,4362-34884,Queensbury,Warren,NY,12804,Non-Residential,43.335343,-73.676867
43555,4362-31766,Glens Falls,Warren,NY,12801,Non-Residential,43.311431,-73.647738
43555,4362-34923,Queensbury,Warren,NY,12804,Non-Residential,43.335343,-73.676867
43555,4362-34883,Queensbury,Warren,NY,12804,Non-Residential,43.335343,-73.676867
43555,4362-34879,Queensbury,Warren,NY,12804,Non-Residential,43.335343,-73.676867
43555,4362-33180,Queensbury,Warren,NY,12804,Non-Residential,43.335343,-73.676867
43555,4362-32227,Queensbury,Warren,NY,12801,Non-Residential,43.311431,-73.647738
43555,4362-37240,Brant Lake,Warren,NY,12815,Non-Residential,43.698924,-73.712985
43555,4362-37572,Lake George,Warren,NY,12843,Non-Residential,43.618419,-74.03827
43555,4362-35598,Queensbury,Warren,NY,12804,Non-Residential,43.335343,-73.676867
43555,4362-35495,Queensbury,Warren,NY,12804,Non-Residential,43.335343,-73.676867
43555,4362-35501,Queensbury,Warren,NY,12804,Non-Residential,43.335343,-73.676867
43555,4375-30620,Glens Falls,Warren,NY,12801,Non-Residential,43.311431,-73.647738
43555,4362-35393,Queensbury,Warren,NY,12801,Non-Residential,43.311431,-73.647738
43555,4362-63921,Queensbury,Warren,NY,12804,Non-Residential,43.335343,-73.676867
43555,4375-30619,Glens Falls,Warren,NY,12801,Non-Residential,43.311431,-73.647738
43555,4362-37215,Brant Lake,Warren,NY,12815,Non-Residential,43.698924,-73.712985
43555,4362-35636,Queensbury,Warren,NY,12804,Non-Residential,43.335343,-73.676867
43555,4375-21419,Lake George,Warren,NY,12845,Non-Residential,43.425392,-73.705242
43555,4362-35634,Queensbury,Warren,NY,12804,Non-Residential,43.335343,-73.676867
43555,4362-35749,Queensbury,Warren,NY,12804,Non-Residential,43.335343,-73.676867
43555,4533-38851,Johnsburg,Warren,NY,12843,Non-Residential,43.618419,-74.03827
43555,4533-38937,Warrensburg,Warren,NY,12885,Non-Residential,43.539538,-73.816906
43555,4533-38007,Queensbury,Warren,NY,12804,Non-Residential,43.335343,-73.676867
43555,4533-36125,Glens Falls,Warren,NY,12801,Non-Residential,43.311431,-73.647738
43555,4533-38008,Queensbury,Warren,NY,12804,Non-Residential,43.335343,-73.676867
43555,4533-35893,Queensbury,Warren,NY,12804,Non-Residential,43.335343,-73.676867
43555,4548-35713,Queensbury,Warren,NY,12804,Non-Residential,43.335343,-73.676867
43555,4533-69771,Lake George,Warren,NY,12845,Non-Residential,43.425392,-73.705242
43555,4548-29837,Queensbury,Warren,NY,12804,Non-Residential,43.335343,-73.676867
43555,4548-29833,Queensbury,Warren,NY,12804,Non-Residential,43.335343,-73.676867
43555,4548-102876,Diamond Point,Warren,NY,12824,Non-Residential,43.525879,-73.706801
43555,4533-61733,Queensbury,Warren,NY,12804,Non-Residential,43.335343,-73.676867
43555,4548-32793,Queensbury,Warren,NY,12801,Non-Residential,43.311431,-73.647738
43555,4533-59563,North Creek,Warren,NY,12853,Non-Residential,43.69874,-73.94678
43555,4533-87211,Queensbury,Warren,NY,12804,Non-Residential,43.335343,-73.676867
43555,4548-58153,Queensbury,Warren,NY,12804,Non-Residential,43.335343,-73.676867
43555,4548-35163,Queensbury,Warren,NY,12804,Non-Residential,43.335343,-73.676867
43555,4564-25706,Queensbury,Warren,NY,12801,Non-Residential,43.311431,-73.647738
43555,4694-34343,Glens Falls,Warren,NY,12801,Non-Residential,43.311431,-73.647738
43555,4694-37223,Warrensburg,Warren,NY,12885,Non-Residential,43.539538,-73.816906
43555,4687-23920,Chestertown,Warren,NY,12817,Non-Residential,43.640111,-73.821038
43555,4702-34522,Queensbury,Warren,NY,12804,Non-Residential,43.335343,-73.676867
43555,4694-34453,Queensbury,Warren,NY,12804,Non-Residential,43.335343,-73.676867
43555,4694-37814,Queensbury,Warren,NY,12804,Non-Residential,43.335343,-73.676867
43555,4694-37222,Warrensburg,Warren,NY,12885,Non-Residential,43.539538,-73.816906
43555,4687-23917,Chestertown,Warren,NY,12817,Non-Residential,43.640111,-73.821038
43555,4687-23918,Chestertown,Warren,NY,12817,Non-Residential,43.640111,-73.821038
43555,4694-37224,Warrensburg,Warren,NY,12885,Non-Residential,43.539538,-73.816906
43555,4687-30550,Warrensburg,Warren,NY,12885,Non-Residential,43.539538,-73.816906
43555,4687-24024,Chestertown,Warren,NY,12817,Non-Residential,43.640111,-73.821038
43555,4694-39133,Glens Falls,Warren,NY,12801,Non-Residential,43.311431,-73.647738
43555,4694-34457,Queensbury,Warren,NY,12804,Non-Residential,43.335343,-73.676867
43555,4687-24992,Chestertown,Warren,NY,12817,Non-Residential,43.640111,-73.821038
43555,4694-34455,Queensbury,Warren,NY,12804,Non-Residential,43.335343,-73.676867
43555,4694-34456,Queensbury,Warren,NY,12804,Non-Residential,43.335343,-73.676867
43555,4687-30508,Warrensburg,Warren,NY,12885,Non-Residential,43.539538,-73.816906
43555,4687-23919,Chestertown,Warren,NY,12817,Non-Residential,43.640111,-73.821038
43555,4694-34451,Queensbury,Warren,NY,12804,Non-Residential,43.335343,-73.676867
43555,4704-77072,Queensbury,Warren,NY,12804,Non-Residential,43.335343,-73.676867
43555,4704-86002,Queensbury,Warren,NY,12804,Non-Residential,43.335343,-73.676867
43555,5079-40877,Queensbury,Warren,NY,12801,Non-Residential,43.311431,-73.647738
43555,5093-41731,Queensbury,Warren,NY,12804,Non-Residential,43.335343,-73.676867
43555,5079-38009,Queensbury,Warren,NY,12804,Non-Residential,43.335343,-73.676867
43555,5167-69600,North Creek,Warren,NY,12853,Non-Residential,43.69874,-73.94678
43555,5176-80891,Queensbury,Warren,NY,12804,Non-Residential,43.335343,-73.676867
43555,5226-55691,Warrensburg,Warren,NY,12885,Non-Residential,43.539538,-73.816906
43555,5302-94787,North Creek,Warren,NY,12853,Non-Residential,43.69874,-73.94678
43555,02005-015,Wevertown,Warren,NY,12886,Non-Residential,43.6416,-73.925388
43555,5417-101974,Queensbury,Warren,NY,12804,Non-Residential,43.335343,-73.676867
43555,49761A-1,Greenwich,Washington,NY,12834,Non-Residential,43.097845,-73.500001
43555,49761A-1,Greenwich,Washington,NY,12834,Non-Residential,43.097845,-73.500001
43555,81404,Queensbury,Washington,NY,12804,Non-Residential,43.335343,-73.676867
43555,87449,Greenwich,Washington,NY,12834,Non-Residential,43.097845,-73.500001
43555,113113,Fort Edward,Washington,NY,12828,Non-Residential,43.256199,-73.579351
43555,4005-036,Hudson Falls,Washington,NY,12839,Non-Residential,43.330298,-73.563388
43555,4003-20726,Greenwich,Washington,NY,12834,Non-Residential,43.097845,-73.500001
43555,4181-002,Argyle,Washington,NY,12809,Non-Residential,43.238387,-73.459071
43555,4158-105,Greenwich,Washington,NY,12834,Non-Residential,43.097845,-73.500001
43555,4158-19861,Argyle,Washington,NY,12809,Non-Residential,43.238387,-73.459071
43555,4158-20171,Hudson Falls,Washington,NY,12839,Non-Residential,43.330298,-73.563388
43555,4244-22788,Greenwich,Washington,NY,12834,Non-Residential,43.097845,-73.500001
43555,4255-26169,Cambridge,Washington,NY,12816,Non-Residential,43.051324,-73.388113
43555,4255-25843,Argyle,Washington,NY,12809,Non-Residential,43.238387,-73.459071
43555,4224-24166,Argyle,Washington,NY,12809,Non-Residential,43.238387,-73.459071
43555,4255-26174,Argyle,Washington,NY,12809,Non-Residential,43.238387,-73.459071
43555,4301-47478,Kingsbury,Washington,NY,12839,Non-Residential,43.330298,-73.563388
43555,4301-20446,Granville,Washington,NY,12832,Non-Residential,43.371633,-73.314608
43555,4362-34669,Cambridge,Washington,NY,12816,Non-Residential,43.051324,-73.388113
43555,4362-34881,Fort Edward,Washington,NY,12828,Non-Residential,43.256199,-73.579351
43555,4362-32713,Greenwich,Washington,NY,12834,Non-Residential,43.097845,-73.500001
43555,4362-32715,Greenwich,Washington,NY,12834,Non-Residential,43.097845,-73.500001
43555,4362-34670,Cambridge,Washington,NY,12816,Non-Residential,43.051324,-73.388113
43555,4362-33887,Granville,Washington,NY,12849,Non-Residential,43.444111,-73.300006
43555,4362-32714,Greenwich,Washington,NY,12834,Non-Residential,43.097845,-73.500001
43555,4362-33883,Greenwich,Washington,NY,12834,Non-Residential,43.097845,-73.500001
43555,4362-35891,Hudson Falls,Washington,NY,12839,Non-Residential,43.330298,-73.563388
43555,4362-60546,Canaan,Washington,NY,12029,Non-Residential,42.399533,-73.426667
43555,4362-38965,Argyle,Washington,NY,12809,Non-Residential,43.238387,-73.459071
43555,4362-37124,Argyle,Washington,NY,12809,Non-Residential,43.238387,-73.459071
43555,4362-36575,Cambridge,Washington,NY,12816,Non-Residential,43.051324,-73.388113
43555,4362-47761,Greenwich,Washington,NY,12834,Non-Residential,43.097845,-73.500001
43555,4362-38300,Hudson Falls,Washington,NY,12839,Non-Residential,43.330298,-73.563388
43555,4362-36196,Hartford,Washington,NY,12838,Non-Residential,43.344744,-73.404591
43555,4362-35786-AG,Fort Edward,Washington,NY,12828,Non-Residential,43.256199,-73.579351
43555,4362-65929,Fort Edward,Washington,NY,12828,Non-Residential,43.256199,-73.579351
43555,4362-60543,Granville,Washington,NY,12849,Non-Residential,43.444111,-73.300006
43555,4362-54726,Fort Edward,Washington,NY,12828,Non-Residential,43.256199,-73.579351
43555,4362-60544,Granville,Washington,NY,12849,Non-Residential,43.444111,-73.300006
43555,4362-47762,Greenwich,Washington,NY,12834,Non-Residential,43.097845,-73.500001
43555,4362-36593,Cambridge,Washington,NY,12816,Non-Residential,43.051324,-73.388113
43555,4362-65907,Fort Edward,Washington,NY,12828,Non-Residential,43.256199,-73.579351
43555,4495-60402,Cambridge,Washington,NY,12816,Non-Residential,43.051324,-73.388113
43555,4507-23159A,Argyle,Washington,NY,12809,Non-Residential,43.238387,-73.459071
43555,4533-98054,Hudson Falls,Washington,NY,12839,Non-Residential,43.330298,-73.563388
43555,4548-50125,Fort Edward,Washington,NY,12828,Non-Residential,43.256199,-73.579351
43555,4548-58158,Salem,Washington,NY,12865,Non-Residential,43.209736,-73.34391
43555,4548-32732,Comstock,Washington,NY,12821,Non-Residential,43.457421,-73.406979
43555,4548-58157,Salem,Washington,NY,12865,Non-Residential,43.209736,-73.34391
43555,4548-64799,Fort Edward,Washington,NY,12828,Non-Residential,43.256199,-73.579351
43555,4702-41365,Greenwich,Washington,NY,12834,Non-Residential,43.097845,-73.500001
43555,4694-37264,Fort Edward,Washington,NY,12828,Non-Residential,43.256199,-73.579351
43555,4694-35345,Fort Edward,Washington,NY,12828,Non-Residential,43.256199,-73.579351
43555,4704-83993,Fort Edward,Washington,NY,12828,Non-Residential,43.256199,-73.579351
43555,4758-102887,Shushan,Washington,NY,12873,Non-Residential,43.113848,-73.314107
43555,4758-33991,Greenwich,Washington,NY,12834,Non-Residential,43.097845,-73.500001
43555,4758-55717,Greenwich,Washington,NY,12834,Non-Residential,43.097845,-73.500001
43555,4987-76754,Fort Edward,Washington,NY,12828,Non-Residential,43.256199,-73.579351
43555,5167-98164,Whitehall,Washington,NY,12887,Non-Residential,43.558225,-73.376329
43555,5167-98163,Whitehall,Washington,NY,12887,Non-Residential,43.558225,-73.376329
43555,5167-93776,Whitehall,Washington,NY,12887,Non-Residential,43.558225,-73.376329
43555,5167-98169,Whitehall,Washington,NY,12887,Non-Residential,43.558225,-73.376329
43555,5196-55428,Comstock,Washington,NY,12821,Non-Residential,43.457421,-73.406979
43555,5315-82099,Granville,Washington,NY,12832,Non-Residential,43.371633,-73.314608
43555,5336-83064,Fort Ann,Washington,NY,12827,Non-Residential,43.421292,-73.498907
43555,02003-084,Greenwich,Washington,NY,12834,Non-Residential,43.097845,-73.500001
43555,02003-047-2,Shushan,Washington,NY,12873,Non-Residential,43.113848,-73.314107
43555,02059-001,Greenwich,Washington,NY,12834,Non-Residential,43.097845,-73.500001
